                  epoch,         train/box_loss,         train/cls_loss,         train/dfl_loss,   metrics/precision(B),      metrics/recall(B),       metrics/mAP50(B),    metrics/mAP50-95(B),           val/box_loss,           val/cls_loss,           val/dfl_loss,                 lr/pg0,                 lr/pg1,                 lr/pg2
                      1,                0.97927,                 3.4646,                 1.3564,                0.90178,                0.51846,                0.72666,                0.49377,                 1.5461,                 1.6411,                 1.3288,                      0,                      0,                      0
                      2,                 1.3627,                 2.8458,                 1.6623,                0.90609,                0.52352,                0.73834,                0.51482,                   1.55,                 1.6203,                 1.3236,             1.1782e-06,             1.1782e-06,             1.1782e-06
                      3,                 1.2939,                 3.5815,                 1.6968,                0.90718,                0.52505,                0.72883,                0.52209,                 1.5321,                 1.6025,                 1.3099,             2.3329e-06,             2.3329e-06,             2.3329e-06
                      4,                 1.3871,                  3.691,                 1.7283,                0.61621,                0.68607,                0.75322,                0.54182,                 1.5215,                  1.595,                  1.307,              3.464e-06,              3.464e-06,              3.464e-06
